fv_e1,fv_e2,fv_e3,fv_e4,fv_e5,fv_e6,fv_e7,fv_e8,fv_e9,fv_e10,fv_e11,fv_e12,fv_e14,fv_e15,fv_e16,fv_e22,class
51.59467523,48.40532477,1.187474647,1.166494443,3.077311674,2.935617248,3.469285603,0.767223702,0.0808995,0.298892037,7.792545046,0.069010417,0.834670777,0.094404578,0.08044222,0.973128983,0
44.04856968,55.95143032,0.895355813,0.659739116,1.836749416,2.313194596,2.682323149,0.336620817,0.069555453,0.25722752,5.813784562,0.034179688,0.740478373,0.077167231,0.068567242,0.940974857,0
35.66603377,64.33396623,0.557848368,0.507130738,1.533750804,2.810797553,2.474849596,0.057005516,0.079947206,0.263647643,4.916666667,0.015625,0.837561976,0.067781621,0.07992969,0.950231481,0
48.35984365,51.64015635,0.995961544,1.053360091,3.361800081,3.626838183,4.278606331,1.788229386,0.084039734,0.455300621,10.90818071,0.055288462,0.898056225,0.101903185,0.084012137,0.948584475,0
44.37443578,55.62556422,0.864889544,0.687737032,1.919385136,2.324532958,11.32844217,0.786204832,0.093360526,0.351560353,6.201961451,0.023883929,0.628490378,0.101863757,0.092584614,0.9145032,0
43.28923896,56.71076104,0.826461925,0.768280922,2.433032914,3.317469568,1.153763837,0.252684761,0.051858758,0.229371727,5.067361189,0.03515625,0.760220227,0.053409084,0.051749297,0.958358625,0
36.76925521,63.23074479,0.641813085,0.311616091,1.439541088,2.588130948,2.067514558,0.559997811,0.097845839,0.380121564,4.716710647,0.02734375,0.800308996,0.088787978,0.096644689,0.900361235,0
43.19928832,56.80071168,0.859608939,1.010620363,2.914764723,3.870275389,0.963348163,0.74725777,0.064271976,0.405266803,8.714916565,0.073567708,0.874151278,0.065120452,0.06426436,0.986526225,0
40.04759464,59.95240536,0.747972212,0.618678251,1.941603186,2.890530281,2.510900291,0.438459707,0.082513929,0.393980859,6.281259397,0.0390625,0.714625986,0.079378028,0.082068119,0.940151745,0
42.85314416,57.14685584,0.750138743,1.928847681,3.668178783,4.918759095,0.956486096,0.934444651,0.053022795,0.310344828,8.5,0.0859375,0.773695518,0.060822222,0.053016222,0.936043124,0
49.54197439,50.45802561,1.030152616,1.807709747,3.271993783,3.302157429,2.934290904,0.597383349,0.051990636,0.189662358,6.700864332,0.038461538,0.95010375,0.070660102,0.051957493,0.984298495,0
42.86850522,57.13149478,0.866358466,0.556822063,1.605400713,2.116187593,3.467278712,0.182635666,0.091923135,0.348407531,5.412412267,0.0321875,0.683375114,0.098136848,0.090382953,0.890522881,0
40.27373332,59.72626668,0.719065267,1.093171008,2.439792477,3.379940008,1.006515442,0.424380116,0.05588443,0.325983479,6.542254189,0.052734375,0.76426337,0.058793941,0.055779888,0.973583224,0
34.62030575,65.37969425,0.552629544,0.347055645,1.393383761,2.632021767,1.610934413,0.139006959,0.082453191,0.398865003,4.9703125,0.026367188,0.734194765,0.067465927,0.082332923,0.92624307,0
46.66407841,53.33592159,0.907847177,0.801367004,3.328084753,3.742733865,2.867154216,1.253460975,0.077632245,0.405092541,9.055971856,0.045572917,0.783288405,0.086473183,0.077609068,0.938255249,0
39.4619216,60.5380784,0.693381411,0.453587189,1.555362556,2.354180428,9.869319313,0.544509394,0.132999011,0.396869769,5.873828172,0.038225446,0.666095978,0.128978685,0.129666401,0.898586873,0
46.93523879,53.06476121,0.930192791,0.995185379,2.82709935,3.080538259,2.751762859,1.931333023,0.086796763,0.542986425,8.729166667,0.03125,0.783954905,0.096093767,0.086779712,0.873120044,0
43.20563967,56.79436033,0.846040373,1.345401099,3.142374978,4.026222927,1.768866609,0.910364256,0.067528991,0.389155408,8.05626362,0.027043269,0.830168684,0.073701417,0.067515653,0.978849484,0
41.56005833,58.43994167,0.75410506,0.875678727,1.80392403,2.496882748,0.468620076,0.097831885,0.050429745,0.211765235,4.563032581,0.03125,0.663247369,0.051804912,0.049624444,0.949785898,0
35.95112431,64.04887569,0.578204173,0.883544712,1.775677305,3.370402743,4.474875479,1.116980685,0.100263476,0.485117939,7.930909091,0.03046875,0.972773908,0.103106086,0.099880121,0.914714546,0
43.04057723,56.95942277,0.794348164,0.813937868,2.206592296,3.13864665,5.499404961,0.888478882,0.114053681,0.514856359,7.338048553,0.034007353,0.96652251,0.127051653,0.111576453,0.922621755,0
51.42132675,48.57867325,1.251616197,1.044320991,3.260767155,2.983886361,3.182871251,0.845162678,0.062251374,0.368491614,9.803179856,0.029017857,0.812908915,0.086294004,0.062234664,0.980757874,0
36.34482868,63.65517132,0.608100319,0.738261164,1.672210222,2.816525249,1.777174784,0.720991462,0.072325146,0.416816456,7.09609575,0.049395161,0.733011014,0.075569286,0.072051619,0.939226131,0
38.04111897,61.95888103,0.645097349,1.220213574,2.4991695,4.097292064,0.445357672,0.335893627,0.053309472,0.289910761,5.264151685,0.051682692,0.7905548,0.044316342,0.053299789,0.962561157,0
31.00483518,68.99516482,0.477688457,0.523366145,1.290155145,2.653439314,0.98113463,0.540381709,0.067742728,0.263689412,4.503262339,0.042317708,0.610819281,0.051981537,0.067560004,0.947710985,0
55.50134937,44.49865063,1.45221584,0.990338747,3.483341644,2.862674637,1.908173112,0.458769676,0.058359929,0.298271941,8.071485605,0.029947917,1.01385402,0.07365701,0.058335718,0.989896171,0
42.67183941,57.32816059,0.875843484,0.415214011,1.60999235,1.906093791,4.035604606,0.243998479,0.089083799,0.285538708,5.6,0.028245192,0.771031374,0.093902822,0.0877636,0.915390757,0
46.81260521,53.18739479,0.88014473,1.389407203,3.379795354,3.840044984,0.237620444,0.146680573,0.030095932,0.080645161,5,0.046875,0.961794008,0.032876106,0.030094877,1,0
40.00887864,59.99112136,0.698758469,1.342063038,2.74396204,4.033128727,0.260007506,0.196007903,0.032025646,0.077829838,4.567633763,0.034254808,0.751916283,0.034854474,0.032014401,0.997023978,0
39.68284705,60.31715295,0.73630814,0.742128747,1.779082723,2.718390991,1.084310676,0.267725363,0.055968521,0.316192897,5.627802813,0.035021552,0.736612015,0.058047811,0.055679744,0.959087657,0
37.67467343,62.32532657,0.607552349,2.212291531,1.85602818,3.099640777,0.093710459,0.11205727,0.030114966,0.081038317,5.331235698,0.0625,0.695796734,0.033524101,0.030112187,1,0
37.67467343,62.32532657,0.607552349,2.212291531,1.85602818,3.099640777,0.093710459,0.11205727,0.030114966,0.081038317,5.331235698,0.0625,0.695796734,0.033524101,0.030112187,1,0
55.67463287,44.32536713,1.326249835,1.495928101,3.655692361,2.951236627,1.526592531,0.456564391,0.049477571,0.242760562,7.792224053,0.046875,0.89025198,0.067695091,0.049456933,0.991489219,0
43.17851945,56.82148055,0.803271506,0.806148614,1.990744515,2.714726136,4.674284372,2.013399272,0.093903548,0.386031443,6.478720384,0.036038306,0.831752386,0.100553051,0.093027941,0.938030743,0
40.42458627,59.57541373,0.679905094,1.636725792,3.46096299,5.107300556,1.312314263,0.820329741,0.077662765,0.458119827,9.083333333,0.0703125,0.84986238,0.075150187,0.077647234,0.95711388,0
45.76605008,54.23394992,0.872705044,1.612293692,2.869017847,3.451878527,1.577824043,0.516464381,0.05318738,0.235200791,6.98510854,0.056361607,0.847990463,0.063188322,0.053169733,0.956097006,0
46.07526448,53.92473552,0.941415168,0.832373148,2.187673082,2.543135288,4.012586179,0.551762617,0.091398016,0.342178828,6.930800409,0.039751838,0.789847729,0.098838953,0.090233459,0.914868832,0
44.71989894,55.28010106,0.810102169,2.267393574,3.04770101,3.783958181,1.326036594,0.818877227,0.066892363,0.353030303,7.616666667,0.0234375,0.89292429,0.078824008,0.066887009,0.956200882,0
50.11030909,49.88969091,1.118681138,0.631374495,2.074288069,2.080248424,1.509441299,0.212476066,0.049564131,0.213485093,5.743440563,0.033135776,0.770257128,0.058896248,0.049259617,0.9700405,0
42.18751692,57.81248308,0.85732095,0.192386636,1.346572537,1.829906045,7.640033557,0.317383905,0.10748847,0.274446952,4.388020833,0.024414063,0.701507445,0.104630941,0.104437962,0.954072125,0
44.36291515,55.63708485,0.875615764,0.316694246,1.475014528,1.717007987,8.252247077,0.146015824,0.120232323,0.475977568,5.32004662,0.019831731,0.778926721,0.126497582,0.118649021,0.88996812,0
44.00594177,55.99405823,0.868368676,0.61496777,1.997184972,2.499269412,1.943958438,0.211086298,0.056659787,0.248874845,5.559257768,0.027157738,0.7802092,0.062437352,0.056351357,0.952556818,0
45.1811052,54.8188948,0.925229497,0.898368906,2.055814298,2.385338532,1.973027137,0.195282374,0.055092576,0.270397007,6.002293417,0.022879464,0.775655873,0.063275117,0.054953947,0.974016129,0
42.42782529,57.57217471,0.78026554,0.325287856,1.76709804,2.307018698,1.209206473,0.159215498,0.057522609,0.322730022,5.308074534,0.034986413,0.737478351,0.053631474,0.057425239,0.938603537,0
39.8090114,60.1909886,0.692113144,1.151534312,2.44777438,3.697418732,1.727681359,0.761813922,0.068287428,0.376348947,6.777306393,0.035768072,0.789481351,0.071503818,0.068074837,0.946521821,0
40.11831607,59.88168393,0.732484923,0.42196188,1.677185936,2.589830421,6.902643885,0.287252971,0.106120801,0.359058595,5.527739763,0.037574405,0.718273982,0.102163489,0.102952321,0.908246413,0
39.17250018,60.82749982,0.671170112,1.771807321,2.583289764,3.939057708,0.950434955,0.746239626,0.061724324,0.334288308,7.630680746,0.057617188,0.762254278,0.068481144,0.061703734,0.965077526,0
38.61968012,61.38031988,0.668385793,0.840317977,2.167988463,3.273172565,4.775158771,0.956503089,0.098516116,0.414977524,6.90405664,0.0390625,0.75068504,0.09975266,0.097824132,0.913011192,0
41.59997695,58.40002305,0.737685723,1.538279231,2.916960215,4.031651743,0.512353347,0.364563063,0.043452907,0.188075025,5.770101523,0.046585648,0.717163184,0.046484335,0.043443661,0.984194307,0
37.42356106,62.57643894,0.631248101,0.708522847,2.156781449,3.652716079,1.723217223,0.657189309,0.076809588,0.376126999,6.158802514,0.046585648,0.713091502,0.070490609,0.076209556,0.917070548,0
38.9215059,61.0784941,0.696150806,0.427462272,1.371727197,2.2209904,1.365195633,0.251237902,0.076811352,0.31099697,4.887191745,0.036132813,0.769250574,0.070318766,0.07616749,0.946125073,0
36.77226182,63.22773818,0.64431027,0.362631154,1.455985676,2.492459918,0.847545656,0.240380375,0.067390373,0.337176818,4.704391971,0.026344477,0.785832684,0.060329456,0.066649604,0.947317563,0
31.58655483,68.41344517,0.487400487,0.374087769,1.275175346,2.851724507,0.992259387,0.121209177,0.06470268,0.268309332,4.423144137,0.034375,0.686581571,0.05519277,0.064250604,0.921429462,0
31.87381828,68.12618172,0.505744607,0.184161988,1.124455096,2.345010662,1.858793757,0.209731862,0.075921611,0.243455343,3.800936371,0.021679688,0.633408508,0.064052519,0.075472528,0.915623865,0
35.5560552,64.4439448,0.598984907,0.650222091,1.555593985,2.785798765,4.740919508,0.206257494,0.102173161,0.281540781,4.6638301,0.026909722,0.752376071,0.092156885,0.100386344,0.942830101,0
32.80588831,67.19411169,0.513812733,0.165884811,1.216767945,2.509441082,4.604174507,1.62196913,0.116775648,0.365030343,5.059949495,0.020833333,0.700329299,0.113301006,0.114981372,0.862103042,0
39.55746327,60.44253673,0.679411903,0.945440243,2.388784179,3.733272047,1.02887772,0.387518229,0.060291259,0.323425618,6.081676687,0.044145331,0.768611633,0.054891017,0.060136037,0.958926886,0
36.98575892,63.01424108,0.605195513,0.673614106,2.181998451,3.737529344,1.42607584,0.210942458,0.059614731,0.248832123,4.795151661,0.041666667,0.695730337,0.05394756,0.059107943,0.959044545,0
35.88436446,64.11563554,0.574572959,1.132794635,2.451121342,4.358814075,0.492923812,0.447027549,0.052336818,0.269359844,5.39387886,0.043094758,0.74795737,0.045476695,0.052321788,0.971223148,0
37.67519596,62.32480404,0.642372119,0.690279488,2.121420349,3.581603979,0.771504532,0.388990579,0.055007375,0.288967981,5.355129898,0.041015625,0.715518225,0.049343016,0.054819805,0.952252284,0
35.97344846,64.02655154,0.581550226,1.236297984,2.349053151,4.095062453,0.430162487,0.367404742,0.046541596,0.226920686,5.535469343,0.049172794,0.737806969,0.044052331,0.046530991,0.987353055,0
39.32866355,60.67133645,0.704126113,0.616783475,1.777495851,2.552629126,4.134032088,0.421473345,0.077585293,0.363244967,5.803045871,0.0396875,0.637634841,0.073981245,0.077373505,0.925165509,0
44.55705012,55.44294988,0.859960128,0.845690995,2.081421484,2.570935375,0.985090274,0.279065836,0.04626133,0.186795044,4.739549459,0.027724848,0.682138065,0.047285409,0.046131215,0.957105443,0
42.09834499,57.90165501,0.823091956,0.485592318,1.713089937,2.250019626,2.235628328,0.286585321,0.070662862,0.286530481,5.150696892,0.036298077,0.620966336,0.067997341,0.070265234,0.905165017,0
45.26630061,54.73369939,0.904783122,1.010253246,2.18041828,2.647394884,1.510368017,0.493416957,0.061392073,0.316207181,6.665616149,0.033770161,0.816798501,0.068443557,0.061194763,0.934699372,0
40.85470809,59.14529191,0.772113843,0.645184721,1.684984886,2.551820584,7.273539598,0.32703881,0.083933864,0.283935699,4.910447007,0.027277542,0.753549082,0.086029893,0.082676512,0.938854854,0
42.80747421,57.19252579,0.801986198,1.071125305,2.338341639,3.032078566,1.541116288,0.862070393,0.064467983,0.290722368,5.889853072,0.028808594,0.709025621,0.065875927,0.064389157,0.925447954,0
47.40552565,52.59447435,0.988215162,0.946288332,2.577237829,2.730805337,2.806287512,0.164171611,0.051075052,0.151501473,4.449317744,0.034598214,0.617236508,0.052330016,0.050942805,0.951568678,0
35.86744888,64.13255112,0.603894565,0.723040145,1.780559518,3.155578523,4.9872039,0.462544593,0.096161865,0.420262194,6.001220453,0.039818548,0.760570674,0.094345913,0.094458527,0.907814308,0
37.8688162,62.1311838,0.657264585,0.351900615,1.528043904,2.428491986,4.903004248,0.196118877,0.091276729,0.346445925,5.154434415,0.030598958,0.703046305,0.073086213,0.091077957,0.944303658,0
32.78646552,67.21353448,0.518471024,0.687502792,1.530250698,3.03758942,8.91718438,0.438211299,0.104849856,0.406546908,6.048163111,0.042578125,0.664679746,0.105036583,0.103543292,0.907476236,0
37.46182759,62.53817241,0.672471388,0.35515596,1.439529728,2.523765963,2.18539916,0.263422883,0.08015136,0.3807136,5.371248611,0.035050676,0.709215912,0.070981713,0.079883339,0.931799579,0
38.56241342,61.43758658,0.741241686,0.319361324,1.407123097,2.294143835,2.126353076,0.678467654,0.095272773,0.35337656,5.311487051,0.031661184,0.671083001,0.091904935,0.093471599,0.893844612,0
37.83581188,62.16418812,0.670749389,0.611215833,2.115347161,3.002495856,0.698924927,0.435547784,0.050755285,0.278588495,4.856401683,0.02578125,0.583681634,0.052165107,0.050579732,0.915121831,0
41.11473767,58.88526233,0.731459986,0.735103346,2.059422376,2.934560563,4.3998513,0.776794335,0.102928463,0.492592095,7.194554637,0.029766614,0.867521861,0.10363232,0.102347492,0.903377978,0
40.94224992,59.05775008,0.734917487,0.451700119,1.786154848,2.509283566,5.741798914,0.570051549,0.119109606,0.458163727,5.937475299,0.024496822,0.808008544,0.112615131,0.117948299,0.884281789,0
41.40994809,58.59005191,0.722198097,0.773412963,2.34778053,3.255774377,1.684837145,0.459162967,0.078670857,0.408706132,6.618097359,0.028409091,0.755192656,0.071919613,0.078553647,0.910312051,0
38.26145611,61.73854389,0.697441522,0.284564005,1.460986604,2.159852491,7.30712225,0.217762283,0.112626827,0.515654711,6.682818305,0.032912234,0.77925051,0.110532422,0.111014487,0.861372877,0
40.16605106,59.83394894,0.720442728,0.625252954,2.058917732,2.974814785,1.559132813,0.448988377,0.063152441,0.333308444,5.660076821,0.039818548,0.686392391,0.060284381,0.062965891,0.939924846,0
43.01432816,56.98567184,0.833993411,0.39168733,1.760918139,2.152680112,1.83009212,0.186883025,0.067259869,0.311406092,5.276055957,0.02734375,0.598187335,0.064256912,0.067019979,0.914730977,0
45.48851691,54.51148309,0.886293536,0.877851799,2.240313666,2.613646206,2.811056046,0.542514251,0.075836884,0.325379656,5.92074484,0.033482143,0.814518517,0.076034824,0.075160163,0.9567343,0
42.41381747,57.58618253,0.831897179,0.617639163,2.01101193,2.569179112,2.568592836,0.178720105,0.063925847,0.245443274,4.879446822,0.031824449,0.73561312,0.066210034,0.063051934,0.952788225,0
43.34833193,56.65166807,0.829662305,0.743450679,2.153629933,2.691231839,1.489975229,0.214866976,0.068325361,0.316647257,5.93212075,0.039772727,0.814606974,0.063348198,0.068031262,0.950490481,0
42.03727931,57.96272069,0.806299474,0.605200225,1.698517218,2.317821799,7.809255138,0.521774802,0.111921523,0.291117436,5.064882126,0.034839527,0.698083103,0.106650385,0.109448726,0.940110423,0
38.83755295,61.16244705,0.634990175,0.771515494,2.177505806,3.429196059,0.650803308,0.470688956,0.056998177,0.282051282,5.266666667,0.015625,0.698875578,0.054936644,0.056996769,0.936708861,0
40.10041197,59.89958803,0.69657271,0.420492205,1.650811312,2.393133437,1.689834163,0.335384125,0.082139939,0.446151875,6.369312169,0.030381944,0.743583505,0.08021004,0.081610526,0.913489188,0
49.37943708,50.62056292,1.033670246,1.235777542,2.823229823,2.826741841,0.561835119,0.16730691,0.043930562,0.191548442,5.535410376,0.051953125,0.763255746,0.044967695,0.043808718,0.97632282,0
45.10866097,54.89133903,0.821781027,6.58E-16,1.544123047,1.878995737,0.801856159,0.478248844,0.068676766,0.571428571,7.333333333,0.015625,0.638628149,0.077606842,0.068418301,0.863636364,0
43.78481201,56.21518799,0.916693786,0.592485078,1.975192139,2.596152188,5.432004843,0.835898997,0.108252593,0.450010646,6.580889414,0.024573864,0.926969938,0.117523943,0.10660609,0.916402591,0
41.04207074,58.95792926,0.776671047,0.767764067,2.061783412,2.98877065,20.72717302,1.431422702,0.120521128,0.472640499,6.467154947,0.027683424,0.867375573,0.135631503,0.11822057,0.902854778,0
41.38803768,58.61196232,0.864823556,0.471160127,1.856341023,2.804887784,10.01333163,0.597968625,0.177982785,0.576381676,7.367283951,0.027777778,0.981042515,0.166986536,0.175977416,0.868275406,0
41.09527052,58.90472948,0.747508561,0.459054056,1.742530812,2.407747252,1.475873619,0.256027797,0.061235029,0.349530079,6.46426918,0.039388021,0.703644312,0.061384495,0.06102183,0.937327855,0
35.94848862,64.05151138,0.561243409,5.36E-15,1.312148125,2.337930572,1.027759045,0,0.067833005,0.5,7.5,0.015625,0.727580494,0.061956208,0.067750314,0.933333333,0
46.04037592,53.95962408,0.853266059,0.486643351,1.637789978,1.926159489,2.624435477,0.377913538,0.075898167,0.527777778,9.1875,0.046875,0.783266447,0.097957204,0.069805907,0.82761194,0
41.41547074,58.58452926,0.706935282,0.637368167,1.554026583,2.198258626,7.518109698,0,0.120962805,0.5,7.75,0.015625,0.939524611,0.123764995,0.120827041,0.903225806,0
41.88907451,58.11092549,0.809437067,0.653686016,2.034019542,2.870738176,2.145227851,0.68912507,0.091181949,0.548370178,8.428030303,0.040838068,0.908587955,0.092543676,0.090446782,0.915565286,0
39.88121943,60.11878057,0.749245108,0.178945919,1.44911303,2.163694832,1.520903773,0.161612138,0.070031015,0.415771157,6.644065934,0.038541667,0.701311395,0.066109577,0.06992361,0.899559829,0
37.13669099,62.86330901,0.610061042,1.31421034,2.325426319,4.027124656,6.257732941,0.857652288,0.087409584,0.484924217,7.572002746,0.050595238,0.866864927,0.090991485,0.086290674,0.946880737,0
35.82837468,64.17162532,0.595272665,0.947718505,2.082766582,3.671742023,1.576723693,0.860633597,0.070954269,0.415719162,6.480994767,0.035282258,0.819025021,0.069890164,0.070715554,0.919543508,0
37.44500006,62.55499994,0.637338102,0.816513577,1.965801337,3.348827297,1.222466623,0.625632631,0.061524606,0.339808008,5.882653612,0.041202911,0.762417356,0.060808934,0.06112582,0.954988712,0
33.07961035,66.92038965,0.511238481,1.235447578,2.200371478,4.518409519,0.718480578,0.62480973,0.062720994,0.366388496,6.607907739,0.051513672,0.833464197,0.056638213,0.062701297,0.966328335,0
40.55658125,59.44341875,0.74218701,0.80208924,1.774059933,2.6680927,5.216134413,3.252465173,0.091179129,0.338452599,6.235441526,0.050130208,0.727777951,0.092124713,0.090559845,0.932990805,0
30.98351134,69.01648866,0.46263286,0.343877356,0.988394063,2.082769302,0.796428442,0.116391232,0.057614827,0.377142857,4.931666667,0.0375,0.720822891,0.048620018,0.057525878,0.863140135,0
40.49320584,59.50679416,0.763330847,0.366200486,1.547863588,2.32062659,0.56823032,0.260860542,0.062050044,0.335108525,5.023469388,0.015625,0.806112497,0.062036769,0.060699753,0.940430242,0
39.74224254,60.25775746,0.688288306,0.571790841,1.7751062,2.569115275,0.59880056,0.251654745,0.049434329,0.256600704,5.471666667,0.0625,0.747587212,0.044006868,0.049334038,0.954218467,0
43.72904046,56.27095954,0.86858152,0.800883921,2.014205455,2.593919551,1.142454074,0.273328579,0.057256027,0.256750168,5.346818772,0.034560381,0.90051308,0.060560395,0.057034759,0.968676369,0
47.63914401,52.36085599,1.008378889,0.829733144,2.170165272,2.387447084,1.200294714,0.240063175,0.052165061,0.246216023,5.50763733,0.032888105,0.852340976,0.059274922,0.051928508,0.971175854,0
50.66308463,49.33691537,1.116158172,1.653592911,2.731028055,2.60618093,0.78024195,0.199999154,0.036739656,0.09824172,5.718882029,0.04517663,0.841483069,0.05457516,0.03661833,0.967291797,0
45.86825015,54.13174985,0.936806476,0.91596458,2.097427501,2.398454091,1.474703932,0.211258028,0.048402355,0.178408421,5.138554119,0.033255912,0.845449892,0.055827342,0.047976137,0.974651579,0
47.75229729,52.24770271,0.974311436,1.19600476,2.482557532,2.693438107,2.034082803,0.556838524,0.100467118,0.217463616,5.703175764,0.039341518,0.881067575,0.091377751,0.09995235,0.970101438,0
50.3303107,49.6696893,1.124629747,0.885382323,2.382634825,2.395598,1.847623116,0.291997772,0.044589865,0.148377812,5.192253707,0.032894737,0.846485339,0.05792965,0.044535375,0.978818247,0
38.3076522,61.6923478,0.660358147,0.706924268,1.78263209,2.836712223,5.776933332,0.286164881,0.082951738,0.289987063,5.442767264,0.039884868,0.684331071,0.077668646,0.082380362,0.93715481,0
41.18411155,58.81588845,0.770345268,0.545387114,1.809164825,2.694329096,5.679228567,0.394346284,0.08727197,0.34614774,6.09117506,0.035590278,0.760133988,0.087929987,0.086261073,0.921448018,0
40.18154006,59.81845994,0.712643887,1.04344388,2.136541166,3.198905921,0.523375251,0.348950149,0.046339658,0.196658431,5.242143184,0.047991071,0.69439341,0.045564345,0.046254322,0.967584242,0
40.25693565,59.74306435,0.706951589,1.216735466,2.087388192,3.021875266,0.52982127,0.300360813,0.043504448,0.174350233,5.013080177,0.030859375,0.657944917,0.046076992,0.0434556,0.965360139,0
37.47308873,62.52691127,0.709924256,1.037283277,1.727811534,3.008803026,1.119542525,0.222216579,0.051442142,0.214035875,5.038476978,0.034801136,0.710028103,0.050557114,0.051318668,0.9614367,0
31.79456365,68.20543635,0.577267357,0.326035469,1.221672992,2.532532862,0.545908256,0.034681513,0.036605157,0.107403509,4.073809524,0.040364583,0.695710574,0.036733043,0.036256903,0.989583333,0
40.2521686,59.7478314,0.703842133,1.473467125,2.211337286,3.156497435,0.936671641,0.282729042,0.051934605,0.212511217,5.714655497,0.039535985,0.709285442,0.056987372,0.051830329,0.959053651,0
39.66169816,60.33830184,0.705611191,0.428921911,1.392786989,2.116609649,0.47625642,0.113401872,0.036556928,0.13736376,4.232222602,0.029605263,0.631634201,0.037342414,0.036151878,0.967133103,0
42.68436804,57.31563196,0.769756599,1.637674374,3.037812421,4.042811537,1.266389315,0.698493204,0.065477683,0.350329534,7.239328254,0.048971037,0.891833803,0.068047481,0.065438001,0.963772085,0
46.37889762,53.62110238,0.890795917,1.683428206,3.150517494,3.66521542,1.073220352,0.47665483,0.054995247,0.263391191,6.916349022,0.056332237,0.899969719,0.062016276,0.054974421,0.971669645,0
47.00851867,52.99148133,0.931419333,1.206522952,2.712421998,3.069896099,3.279143194,0.423267256,0.076295968,0.323721716,6.834254359,0.044501582,0.831557559,0.081031718,0.07549113,0.951525189,0
50.08329751,49.91670249,1.070238549,1.412185473,2.916893928,2.871542273,2.095765441,0.62976051,0.058592872,0.283509664,7.92066435,0.034040179,0.819481368,0.071732836,0.05853589,0.958440726,0
47.79615486,52.20384514,0.995144448,1.101576541,2.719128516,2.83018278,1.978405856,0.395328826,0.05809405,0.258157247,6.320107546,0.043921494,0.799273219,0.065867117,0.057776117,0.971255221,0
46.41520641,53.58479359,0.898914349,1.588077717,3.235022614,3.678226381,1.666593366,0.59561926,0.067803022,0.334316997,7.118476332,0.035714286,0.880082063,0.074710718,0.067324829,0.961069344,0
43.86457716,56.13542284,0.852831528,0.812816548,2.282258206,2.714407482,2.804244754,0.402716833,0.066702643,0.320624653,6.463932352,0.050426136,0.71810895,0.07043447,0.066637857,0.944443081,0
45.54600058,54.45399942,0.897842664,1.154097019,2.466279867,2.847329676,2.501815284,0.38867547,0.065946544,0.311551019,6.496709401,0.042733434,0.845391666,0.072376994,0.065562908,0.948291887,0
43.69336244,56.30663756,0.851636415,0.819701219,2.116978544,2.638490694,3.571689203,0.326717031,0.076193524,0.275416887,5.418294846,0.036494007,0.757253262,0.077434372,0.074598353,0.945273175,0
54.61873199,45.38126801,1.273885991,1.469343877,3.11875784,2.521749676,3.233550043,0.353147198,0.056278079,0.227683706,6.621122688,0.040364583,0.802220431,0.070737758,0.056212494,0.973971748,0
43.08646373,56.91353627,0.874115052,0.692964975,2.013075256,2.529200599,5.327753611,0.371873508,0.095945883,0.306926784,5.822526834,0.03188004,0.771904289,0.097186793,0.093976256,0.937081036,0
49.40147297,50.59852703,1.029139749,1.485081562,2.922216038,3.016651677,2.003848259,0.459820469,0.058270247,0.286363432,7.103542234,0.046354167,0.853205063,0.068222127,0.058234724,0.967025414,0
47.6970225,52.3029775,1.005988528,0.725869125,2.21012092,2.561520877,7.970071348,0.591049375,0.095063049,0.379490925,6.336807878,0.019021739,0.816982986,0.104958587,0.09394473,0.938564529,0
49.19966144,50.80033856,1.052701402,0.444430757,1.790026951,1.762198385,0.952831605,0.159495052,0.048256421,0.253306694,4.968253968,0.029017857,0.742608103,0.051258557,0.048078175,1,1
46.72230202,53.27769798,1.083590454,0.384641083,1.67753149,1.731423069,0.628325804,0.067567631,0.042473282,0.195673545,4.309514824,0.029017857,0.668906014,0.045368556,0.04174012,1,1
53.5510302,46.4489698,1.234741958,1.788773838,3.030272692,2.834103438,0.933025621,0.314134271,0.049386484,0.26883099,6.519480519,0.0546875,0.715650278,0.058954512,0.049384858,1,1
40.7719604,59.2280396,0.698122219,1.0214199,2.303408227,3.488393305,0.348898258,0.256709625,0.048336463,0.26829498,4.771204721,0.026041667,0.716975448,0.043959961,0.048283327,1,1
44.2896365,55.7103635,0.816595503,1.247449342,2.865309695,3.698635941,0.398598879,0.110769643,0.032926591,0.078657834,4.13125035,0.046875,0.748658982,0.031173182,0.032922388,1,1
34.95185664,65.04814336,0.603883182,0.190783832,1.048493449,1.798791484,0.306307361,0.021477237,0.050161143,0.256407599,3.452978181,0.018342391,0.709885188,0.040023001,0.049578388,1,1
40.26482071,59.73517929,0.71135488,1.410153475,2.793644005,4.11190047,0.368926553,0.449877358,0.047164795,0.231352541,6.12514881,0.0234375,0.747939696,0.04827622,0.047157431,1,1
38.76040964,61.23959036,0.657981712,0.97428024,2.159558898,3.387699361,0.562441875,0.240562772,0.049091077,0.26921447,5.403132604,0.033110119,0.742210667,0.047185738,0.048927363,1,1
36.9841699,63.0158301,0.613521554,0.246577072,1.027258299,1.741515105,1.164932333,0.138656543,0.055920205,0.376248123,3.843055556,0.015625,0.633365051,0.053108827,0.055551216,1,1
48.42513868,51.57486132,1.055232021,0.926830116,2.33816874,2.318852997,0.823768837,0.20582853,0.04433718,0.19931682,5.768966853,0.048891129,0.727502674,0.049340493,0.044080414,1,1
24.77913361,75.22086639,0.329418349,1.07E-14,0.518046177,1.572608748,0.000154769,0.008173871,0.052085967,0.444444444,2.5,0.015625,0.6281539,0.032776929,0.051620906,1,1
41.74390827,58.25609173,0.76500674,0.843295356,2.054941229,2.900852552,0.480553454,0.128716808,0.042811513,0.190900966,5.233612438,0.039566532,0.676383572,0.042071487,0.042743512,1,1
29.28563668,70.71436332,0.521481618,0.354308997,1.836588923,2.789394463,0.739532259,0.153205416,0.06473516,0.391974873,5.1875,0.041015625,0.679471276,0.056462608,0.064210026,1,1
37.53675124,62.46324876,0.684621309,0.093820561,1.323368086,2.224755295,0.887084055,0.028850512,0.070035978,0.503166586,4.402777778,0.015625,0.791464467,0.059074466,0.069330728,1,1
49.17890408,50.82109592,1.039092652,0.586344453,1.91033808,1.989513299,0.528259466,0.089096409,0.040685961,0.169055863,4.533862287,0.03125,0.684720536,0.039624351,0.040424795,1,1
46.62695337,53.37304663,1.041843109,0.466977644,2.053137349,2.259644497,1.658460114,0.326144693,0.052418141,0.268467561,5.483630952,0.030273438,0.712241998,0.063655902,0.052344398,1,1
41.29088856,58.70911144,0.706799437,1.665646539,3.254530155,4.599139882,0.306090141,0.269406169,0.042478627,0.204527244,5.348731884,0.052083333,0.73572979,0.03863409,0.042473874,1,1
43.97233579,56.02766421,0.849327813,0.600093215,1.798321184,2.403215586,0.971993029,0.152469774,0.053817348,0.307265439,5.571219957,0.019230769,0.74330177,0.05475908,0.053538005,1,1
41.58020221,58.41979779,0.75527544,0.318274748,1.388656612,2.025838187,0.23344412,0.066601788,0.052704322,0.335454212,4.146666667,0.015625,0.850876094,0.04733397,0.052470756,1,1
50.29433503,49.70566497,1.076780427,1.259769137,2.687435049,2.59804936,0.708447784,0.14292837,0.041953625,0.167682638,5.243069943,0.037405303,0.87521947,0.048244367,0.04184944,1,1
39.36932846,60.63067154,0.691904116,0.561260217,1.260264041,1.928077375,0.439656677,0.06123409,0.036198912,0.123668668,4.189814815,0.0234375,0.642190448,0.03284095,0.036108746,1,1
41.54830624,58.45169376,0.788168889,0.355508144,1.434566074,2.011288481,0.257699743,0.071343796,0.035993719,0.137075204,3.662560282,0.030101103,0.618667964,0.031497058,0.035866339,1,1
59.28389926,40.71610074,1.473757743,1.856471696,4.205813137,2.915890064,1.015444306,0.250524737,0.038173314,0.138083416,6.972222222,0.046875,0.783829913,0.058553053,0.038158584,1,1
55.20164794,44.79835206,1.302854021,1.31367599,2.595858532,2.171605573,0.964150354,0.184676602,0.044080325,0.179351917,6.176377632,0.056919643,0.912718292,0.05297598,0.043997716,1,1
49.02519139,50.97480861,1.082043639,1.463933948,2.537040533,2.482845798,1.068837375,0.25423034,0.042582256,0.189531779,5.876204453,0.04125,0.773634041,0.053144844,0.042508284,1,1
